Interventions;Photo;Webpage
Polythene bags piled;pictures/Polythene.jpg;https://aidenvironment.org/
Live barriers;pictures/Test.jpg;https://aidenvironment.org/
Stone piled walls;pictures/StonePiledWalls.jpg;https://aidenvironment.org/
Stone piled dams ;pictures/StonePiledDams.jpg;https://qcat.wocat.net/af/wocat/technologies/view/technologies_5210/
Live barriers with stone piled core;pictures/Test.jpg;https://aidenvironment.org/
Gabion boxes;pictures/Test.jpg;https://aidenvironment.org/
Anchored Riprap Masonry wall;pictures/Test.jpg;https://aidenvironment.org/
Riprap masonry wall;pictures/Test.jpg;https://aidenvironment.org/
Concrete dam;pictures/Test.jpg;https://aidenvironment.org/
Cement wall;pictures/Test.jpg;https://aidenvironment.org/
Stone pulled dams;pictures/Test.jpg;https://aidenvironment.org/
;;
